Workbook

Sheet Configuration
A1: PDF to Markdown Conversion - Cost Calculator
A2: Source: cases\input_files
A4: Parameter | B4: Value | C4: Unit | D4: Description
A5: INVENTORY DATA
A6: Total Files | B6: 1574 | C6: files | D6: Number of PDF files to convert
A7: Total Pages | B7: 143967 | C7: pages | D7: Total pages across all PDFs
A8: Avg Pages per File | B8: =B6/B5 | C8: pages/file | D8: Average pages per PDF file
A10: TOKEN CALCULATION
A11: Characters per Page | B11: 500 | C11: chars | D11: Assumed characters per page
A12: Characters per Token | B12: 4 | C12: chars/token | D12: Heuristic for token estimation
A13: Tokens per Page (Output) | B13: 125 | C13: tokens | D13: Output tokens per page
A14: Tokens per Image (Input) | B14: 258 | C14: tokens | D14: Vision API tokens per image
A15: Prompt Overhead | B15: 300 | C15: tokens/request | D15: System prompt tokens per API request
A17: CURRENCY
A18: USD to INR Rate | B18: 89 | C18: INR/USD | D18: Exchange rate for currency conversion
A20: COMPUTED VALUES
A21: Total Requests | B21: =B6 | C21: requests | D21: 1 request per page
A22: Total Image Tokens | B22: =B6*B13 | C22: tokens | D22: Pages × Tokens per Image
A23: Total Prompt Overhead | B23: =B19*B14 | C23: tokens | D23: Requests × Prompt Overhead
A24: Total Input Tokens | B24: =B20+B21 | C24: tokens | D24: Image Tokens + Prompt Overhead
A25: Total Output Tokens | B25: =B6*B12 | C25: tokens | D25: Pages × Tokens per Page
A28: Note: Edit blue cells to update calculations. Results will update automatically.

Sheet Results
A1: Cost Estimation Results
A3: Model | B3: Input Rate (INR/1k) | C3: Output Rate (INR/1k) | D3: Input Cost (INR) | E3: Output Cost (INR) | F3: Total Cost (INR) | G3: Est. Time (min) | H3: RPM
A4: Gemini (Free Tier) | B4: =Models!B4*Configuration!$B$17/1000 | C4: =Models!C4*Configuration!$B$17/1000 | D4: =Configuration!$B$22/1000*B4 | E4: =Configuration!$B$23/1000*C4 | F4: =D4+E4 | G4: =MAX(CEILING((Configuration!$B$22+Configuration!$B$23)/Models!E4,1), CEILING(Configuration!$B$19/Models!D4,1)) | H4: 30
A5: Gemini (Tier 1, Flash) | B5: =Models!B5*Configuration!$B$17/1000 | C5: =Models!C5*Configuration!$B$17/1000 | D5: =Configuration!$B$22/1000*B5 | E5: =Configuration!$B$23/1000*C5 | F5: =D5+E5 | G5: =MAX(CEILING((Configuration!$B$22+Configuration!$B$23)/Models!E5,1), CEILING(Configuration!$B$19/Models!D5,1)) | H5: 1000
A6: GPT-5 (standard) | B6: =Models!B6*Configuration!$B$17/1000 | C6: =Models!C6*Configuration!$B$17/1000 | D6: =Configuration!$B$22/1000*B6 | E6: =Configuration!$B$23/1000*C6 | F6: =D6+E6 | G6: =CEILING((Configuration!$B$22+Configuration!$B$23)/Models!E6,1) | H6: N/A
A7: GPT-4.1 (standard) | B7: =Models!B7*Configuration!$B$17/1000 | C7: =Models!C7*Configuration!$B$17/1000 | D7: =Configuration!$B$22/1000*B7 | E7: =Configuration!$B$23/1000*C7 | F7: =D7+E7 | G7: =CEILING((Configuration!$B$22+Configuration!$B$23)/Models!E7,1) | H7: N/A
A10: SUMMARY
A11: Cheapest Option: | B11: =INDEX(A4:A8,MATCH(MIN(F4:F8),F4:F8,0))
A12: Lowest Cost: | B12: =MIN(F4:F9)
A13: Fastest Option (excl. Free): | B13: =INDEX(A5:A9,MATCH(MIN(G5:G9),G5:G9,0))

Sheet Models
A1: Model Pricing Configuration
A3: Model Name | B3: Input (USD/1M) | C3: Output (USD/1M) | D3: RPM | E3: TPM | F3: RPD
A4: Gemini (Free Tier) | B4: 0 | C4: 0 | D4: 30 | E4: 125000 | F4: 1000
A5: Gemini (Tier 1, Flash) | B5: 0.3 | C5: 2.5 | D5: 1000 | E5: 1000000 | F5: 10000
A6: GPT-5 (standard) | B6: 1.25 | C6: 10 | E6: 1000000
A7: GPT-4.1 (standard) | B7: 2 | C7: 8 | E7: 500000
A10: Note: Edit blue cells to modify pricing. Results sheet will update automatically.

Sheet Formulas
A1: Calculation Formulas Reference
A3: TOKEN CALCULATION
A4: Total Requests | B4: =Total Pages (1 request per page)
A5: Total Image Tokens | B5: =Total Pages × Tokens per Image
A6: Total Prompt Overhead | B6: =Total Requests × Prompt Overhead per Request
A7: Total Input Tokens | B7: =Image Tokens + Prompt Overhead
A8: Total Output Tokens | B8: =Total Pages × Tokens per Page (Output)
A10: COST CALCULATION
A11: Input Rate (INR/1k) | B11: =(Input USD/1M) × USD_to_INR ÷ 1000
A12: Output Rate (INR/1k) | B12: =(Output USD/1M) × USD_to_INR ÷ 1000
A13: Input Cost (INR) | B13: =(Total Input Tokens ÷ 1000) × Input Rate
A14: Output Cost (INR) | B14: =(Total Output Tokens ÷ 1000) × Output Rate
A15: Total Cost (INR) | B15: =Input Cost + Output Cost
A17: TIME ESTIMATION
A18: Time by Tokens (min) | B18: =CEILING((Input + Output Tokens) ÷ TPM, 1)
A19: Time by Requests (min) | B19: =CEILING(Total Requests ÷ RPM, 1)
A20: Estimated Time | B20: =MAX(Time by Tokens, Time by Requests)
